rep,documents,operation,sample,latency_ns,correct
0,8,exact,0,200647,1
0,8,near,0,198514,1
0,8,miss,0,204615,1
0,8,unicode,0,204584,1
0,8,exact,1,199766,1
0,8,near,1,200066,1
0,8,miss,1,198233,1
0,8,unicode,1,205306,1
0,8,exact,2,200598,1
0,8,near,2,199706,1
0,8,miss,2,197120,1
0,8,unicode,2,201189,1
0,8,exact,3,202371,1
0,8,near,3,199305,1
0,8,miss,3,196730,1
0,8,unicode,3,200166,1
0,8,exact,4,200247,1
0,8,near,4,204184,1
0,8,miss,4,196770,1
0,8,unicode,4,201800,1
0,8,exact,5,200296,1
0,8,near,5,199364,1
0,8,miss,5,200406,1
0,8,unicode,5,200758,1
0,8,exact,6,199585,1
0,8,near,6,198914,1
0,8,miss,6,196830,1
0,8,unicode,6,204304,1
0,8,exact,7,200687,1
0,8,near,7,199144,1
0,8,miss,7,196900,1
0,8,unicode,7,200507,1
0,8,exact,8,238237,1
0,8,near,8,199586,1
0,8,miss,8,197141,1
0,8,unicode,8,201980,1
0,8,exact,9,204194,1
0,8,near,9,199725,1
0,8,miss,9,196640,1
0,8,unicode,9,243528,1
0,8,exact,10,200147,1
0,8,near,10,204073,1
0,8,miss,10,197531,1
0,8,unicode,10,200758,1
0,8,exact,11,199535,1
0,8,near,11,199405,1
0,8,miss,11,201970,1
0,8,unicode,11,200477,1
0,8,exact,12,198564,1
0,8,near,12,199585,1
0,8,miss,12,197501,1
0,8,unicode,12,205045,1
0,8,exact,13,198994,1
0,8,near,13,200187,1
0,8,miss,13,197621,1
0,8,unicode,13,201298,1
0,8,exact,14,203913,1
0,8,near,14,200507,1
0,8,miss,14,197802,1
0,8,unicode,14,201629,1
0,8,exact,15,201468,1
0,8,near,15,203622,1
0,8,miss,15,198022,1
0,8,unicode,15,201229,1
0,8,exact,16,200858,1
0,8,near,16,220654,1
0,8,miss,16,207149,1
0,8,unicode,16,200366,1
0,8,exact,17,206788,1
0,8,near,17,214884,1
0,8,miss,17,284906,1
0,8,unicode,17,204545,1
0,8,exact,18,201719,1
0,8,near,18,200367,1
0,8,miss,18,197852,1
0,8,unicode,18,220024,1
0,8,exact,19,201138,1
0,8,near,19,200116,1
0,8,miss,19,197851,1
0,8,unicode,19,201769,1
0,8,exact,20,205306,1
0,8,near,20,200487,1
0,8,miss,20,197722,1
0,8,unicode,20,201259,1
0,8,exact,21,201038,1
0,8,near,21,220685,1
0,8,miss,21,201729,1
0,8,unicode,21,201228,1
0,8,exact,22,200446,1
0,8,near,22,200166,1
0,8,miss,22,203313,1
0,8,unicode,22,200487,1
0,8,exact,23,200197,1
0,8,near,23,198954,1
0,8,miss,23,196880,1
0,8,unicode,23,269757,1
0,8,exact,24,200346,1
0,8,near,24,199425,1
0,8,miss,24,196970,1
0,8,unicode,24,206499,1
0,8,exact,25,200347,1
0,8,near,25,198894,1
0,8,miss,25,196429,1
0,8,unicode,25,200226,1
0,8,exact,26,207520,1
0,8,near,26,200467,1
0,8,miss,26,197601,1
0,8,unicode,26,200918,1
0,8,exact,27,200116,1
0,8,near,27,205667,1
0,8,miss,27,197702,1
0,8,unicode,27,201569,1
0,8,exact,28,200897,1
0,8,near,28,200396,1
0,8,miss,28,203091,1
0,8,unicode,28,200617,1
0,8,exact,29,209444,1
0,8,near,29,199665,1
0,8,miss,29,196539,1
0,8,unicode,29,221076,1
0,8,exact,30,199515,1
0,8,near,30,198784,1
0,8,miss,30,196830,1
0,8,unicode,30,201539,1
0,8,exact,31,210275,1
0,8,near,31,199555,1
0,8,miss,31,197492,1
0,8,unicode,31,201168,1
0,8,exact,32,200096,1
0,8,near,32,207300,1
0,8,miss,32,197350,1
0,8,unicode,32,201028,1
0,8,exact,33,199695,1
0,8,near,33,198924,1
0,8,miss,33,220324,1
0,8,unicode,33,203963,1
0,8,exact,34,199425,1
0,8,near,34,198904,1
0,8,miss,34,197481,1
0,8,unicode,34,207871,1
0,8,exact,35,200967,1
0,8,near,35,200056,1
0,8,miss,35,197872,1
0,8,unicode,35,201409,1
0,8,exact,36,205366,1
0,8,near,36,199956,1
0,8,miss,36,196940,1
0,8,unicode,36,200527,1
0,8,exact,37,201860,1
0,8,near,37,202110,1
0,8,miss,37,197972,1
0,8,unicode,37,200126,1
0,8,exact,38,198984,1
0,8,near,38,207400,1
0,8,miss,38,197121,1
0,8,unicode,38,200006,1
0,8,exact,39,196710,1
0,8,near,39,199515,1
0,8,miss,39,202310,1
0,8,unicode,39,200467,1
0,8,exact,40,199114,1
0,8,near,40,199044,1
0,8,miss,40,197070,1
0,8,unicode,40,215415,1
0,8,exact,41,199906,1
0,8,near,41,198844,1
0,8,miss,41,199515,1
0,8,unicode,41,201128,1
0,8,exact,42,209774,1
0,8,near,42,199515,1
0,8,miss,42,197070,1
0,8,unicode,42,201859,1
0,8,exact,43,200587,1
0,8,near,43,210215,1
0,8,miss,43,197913,1
0,8,unicode,43,200587,1
0,8,exact,44,199305,1
0,8,near,44,197281,1
0,8,miss,44,202871,1
0,8,unicode,44,200888,1
0,8,exact,45,199475,1
0,8,near,45,199064,1
0,8,miss,45,197211,1
0,8,unicode,45,215044,1
0,8,exact,46,207610,1
0,8,near,46,199044,1
0,8,miss,46,196860,1
0,8,unicode,46,200947,1
0,8,exact,47,206398,1
0,8,near,47,152296,1
0,8,miss,47,130976,1
0,8,unicode,47,168787,1
0,8,exact,48,152075,1
0,8,near,48,130606,1
0,8,miss,48,138150,1
0,8,unicode,48,134232,1
0,8,exact,49,130916,1
0,8,near,49,130465,1
0,8,miss,49,130805,1
0,8,unicode,49,133140,1
0,8,serialize,0,35887,1
0,8,deserialize,0,74029,1
0,8,insert,0,39935,1
0,8,update,0,35256,1
0,8,delete,0,34905,1
0,8,save,0,10550975,1
0,8,load,0,106510,1
0,8,serialize,1,3327,1
0,8,deserialize,1,70352,1
0,8,insert,1,40085,1
0,8,update,1,35828,1
0,8,delete,1,36168,1
0,8,save,1,10282690,1
0,8,load,1,90610,1
0,8,serialize,2,4238,1
0,8,deserialize,2,70111,1
0,8,insert,2,39114,1
0,8,update,2,34645,1
0,8,delete,2,36318,1
0,8,save,2,10237696,1
0,8,load,2,90040,1
0,8,serialize,3,4749,1
0,8,deserialize,3,70072,1
0,8,insert,3,43462,1
0,8,update,3,35146,1
0,8,delete,3,99186,1
0,8,save,3,10392717,1
0,8,load,3,101090,1
0,8,serialize,4,4449,1
0,8,deserialize,4,70352,1
0,8,insert,4,40286,1
0,8,update,4,36268,1
0,8,delete,4,36258,1
0,8,save,4,10138729,1
0,8,load,4,178987,1
0,64,exact,0,1104416,1
0,64,near,0,1076113,1
0,64,miss,0,1054222,1
0,64,unicode,0,1079018,1
0,64,exact,1,1114866,1
0,64,near,1,1063900,1
0,64,miss,1,1050405,1
0,64,unicode,1,1074951,1
0,64,exact,2,1076323,1
0,64,near,2,1202240,1
0,64,miss,2,1079599,1
0,64,unicode,2,1071123,1
0,64,exact,3,1062387,1
0,64,near,3,1085260,1
0,64,miss,3,1107752,1
0,64,unicode,3,1069701,1
0,64,exact,4,1068569,1
0,64,near,4,1064291,1
0,64,miss,4,1199024,1
0,64,unicode,4,1101851,1
0,64,exact,5,1056166,1
0,64,near,5,1060664,1
0,64,miss,5,1079580,1
0,64,unicode,5,1118092,1
0,64,exact,6,1059692,1
0,64,near,6,1057137,1
0,64,miss,6,1059391,1
0,64,unicode,6,1209163,1
0,64,exact,7,1078388,1
0,64,near,7,1052668,1
0,64,miss,7,1055704,1
0,64,unicode,7,1080081,1
0,64,exact,8,1114986,1
0,64,near,8,1056095,1
0,64,miss,8,1048892,1
0,64,unicode,8,1074009,1
0,64,exact,9,1262614,1
0,64,near,9,1080331,1
0,64,miss,9,1050835,1
0,64,unicode,9,1072496,1
0,64,exact,10,1061967,1
0,64,near,10,1112893,1
0,64,miss,10,1065162,1
0,64,unicode,10,1053130,1
0,64,exact,11,1064251,1
0,64,near,11,1220624,1
0,64,miss,11,1145684,1
0,64,unicode,11,1087565,1
0,64,exact,12,1067737,1
0,64,near,12,1061856,1
0,64,miss,12,1477598,1
0,64,unicode,12,1624163,1
0,64,exact,13,1131768,1
0,64,near,13,1065613,1
0,64,miss,13,1108053,1
0,64,unicode,13,1054121,1
0,64,exact,14,1057979,1
0,64,near,14,1059883,1
0,64,miss,14,1069059,1
0,64,unicode,14,1091752,1
0,64,exact,15,1063339,1
0,64,near,15,1053310,1
0,64,miss,15,1078648,1
0,64,unicode,15,1072967,1
0,64,exact,16,1083927,1
0,64,near,16,1039805,1
0,64,miss,16,1042720,1
0,64,unicode,16,1067106,1
0,64,exact,17,1075923,1
0,64,near,17,1051747,1
0,64,miss,17,1042329,1
0,64,unicode,17,1063920,1
0,64,exact,18,1058570,1
0,64,near,18,1053049,1
0,64,miss,18,1063419,1
0,64,unicode,18,1050856,1
0,64,exact,19,1040436,1
0,64,near,19,1060253,1
0,64,miss,19,1045635,1
0,64,unicode,19,1057468,1
0,64,exact,20,1040837,1
0,64,near,20,1044774,1
0,64,miss,20,1067828,1
0,64,unicode,20,1095660,1
0,64,exact,21,1044734,1
0,64,near,21,1043662,1
0,64,miss,21,1048822,1
0,64,unicode,21,1082735,1
0,64,exact,22,1046949,1
0,64,near,22,1037941,1
0,64,miss,22,1040436,1
0,64,unicode,22,1058911,1
0,64,exact,23,1056907,1
0,64,near,23,1059312,1
0,64,miss,23,1039835,1
0,64,unicode,23,1058240,1
0,64,exact,24,1074590,1
0,64,near,24,1087234,1
0,64,miss,24,1077636,1
0,64,unicode,24,1080170,1
0,64,exact,25,1068399,1
0,64,near,25,1066465,1
0,64,miss,25,1076404,1
0,64,unicode,25,1050846,1
0,64,exact,26,1053651,1
0,64,near,26,1054372,1
0,64,miss,26,1080752,1
0,64,unicode,26,1081453,1
0,64,exact,27,1068329,1
0,64,near,27,1068198,1
0,64,miss,27,1064622,1
0,64,unicode,27,1048321,1
0,64,exact,28,1053059,1
0,64,near,28,1039454,1
0,64,miss,28,1035125,1
0,64,unicode,28,1086272,1
0,64,exact,29,1053901,1
0,64,near,29,1041388,1
0,64,miss,29,1053621,1
0,64,unicode,29,1064010,1
0,64,exact,30,1054653,1
0,64,near,30,1085310,1
0,64,miss,30,1126288,1
0,64,unicode,30,1073228,1
0,64,exact,31,1073718,1
0,64,near,31,1056286,1
0,64,miss,31,1040687,1
0,64,unicode,31,1056416,1
0,64,exact,32,1077626,1
0,64,near,32,1052979,1
0,64,miss,32,1058179,1
0,64,unicode,32,1064862,1
0,64,exact,33,1054503,1
0,64,near,33,1051657,1
0,64,miss,33,1061475,1
0,64,unicode,33,1070052,1
0,64,exact,34,1046457,1
0,64,near,34,1047429,1
0,64,miss,34,1066635,1
0,64,unicode,34,1075652,1
0,64,exact,35,1043431,1
0,64,near,35,1055354,1
0,64,miss,35,1058429,1
0,64,unicode,35,1075361,1
0,64,exact,36,1075091,1
0,64,near,36,1042911,1
0,64,miss,36,1082595,1
0,64,unicode,36,1063158,1
0,64,exact,37,1048151,1
0,64,near,37,1070112,1
0,64,miss,37,1036338,1
0,64,unicode,37,1057428,1
0,64,exact,38,1063298,1
0,64,near,38,1123021,1
0,64,miss,38,1034996,1
0,64,unicode,38,1056907,1
0,64,exact,39,1044173,1
0,64,near,39,1045024,1
0,64,miss,39,1032301,1
0,64,unicode,39,1079119,1
0,64,exact,40,1092614,1
0,64,near,40,1049964,1
0,64,miss,40,1056356,1
0,64,unicode,40,1048211,1
0,64,exact,41,1013776,1
0,64,near,41,1007554,1
0,64,miss,41,991945,1
0,64,unicode,41,1012283,1
0,64,exact,42,970344,1
0,64,near,42,948363,1
0,64,miss,42,938504,1
0,64,unicode,42,942202,1
0,64,exact,43,935959,1
0,64,near,43,912455,1
0,64,miss,43,897627,1
0,64,unicode,43,899672,1
0,64,exact,44,879353,1
0,64,near,44,868753,1
0,64,miss,44,860237,1
0,64,unicode,44,902737,1
0,64,exact,45,845821,1
0,64,near,45,835961,1
0,64,miss,45,825472,1
0,64,unicode,45,843957,1
0,64,exact,46,817076,1
0,64,near,46,804272,1
0,64,miss,46,789223,1
0,64,unicode,46,814300,1
0,64,exact,47,777983,1
0,64,near,47,768514,1
0,64,miss,47,759959,1
0,64,unicode,47,773243,1
0,64,exact,48,746874,1
0,64,near,48,740031,1
0,64,miss,48,730653,1
0,64,unicode,48,732527,1
0,64,exact,49,736053,1
0,64,near,49,729010,1
0,64,miss,49,732887,1
0,64,unicode,49,740122,1
0,64,serialize,0,95800,1
0,64,deserialize,0,400814,1
0,64,insert,0,195086,1
0,64,update,0,189025,1
0,64,delete,0,188344,1
0,64,save,0,11377838,1
0,64,load,0,897607,1
0,64,serialize,1,45386,1
0,64,deserialize,1,401545,1
0,64,insert,1,209855,1
0,64,update,1,192512,1
0,64,delete,1,188073,1
0,64,save,1,10530986,1
0,64,load,1,420801,1
0,64,serialize,2,42380,1
0,64,deserialize,2,404561,1
0,64,insert,2,190678,1
0,64,update,2,189476,1
0,64,delete,2,187733,1
0,64,save,2,10651593,1
0,64,load,2,424358,1
0,64,serialize,3,47860,1
0,64,deserialize,3,387028,1
0,64,insert,3,191069,1
0,64,update,3,190047,1
0,64,delete,3,191400,1
0,64,save,3,10413515,1
0,64,load,3,438214,1
0,64,serialize,4,50855,1
0,64,deserialize,4,393129,1
0,64,insert,4,194305,1
0,64,update,4,196079,1
0,64,delete,4,190989,1
0,64,save,4,10368321,1
0,64,load,4,439406,1
0,256,exact,0,2947150,1
0,256,near,0,2951769,1
0,256,miss,0,3322445,1
0,256,unicode,0,3152957,1
0,256,exact,1,2943373,1
0,256,near,1,2908216,1
0,256,miss,1,2907726,1
0,256,unicode,1,2949654,1
0,256,exact,2,2957990,1
0,256,near,2,2957018,1
0,256,miss,2,2949375,1
0,256,unicode,2,2959985,1
0,256,exact,3,2915681,1
0,256,near,3,2929717,1
0,256,miss,3,2894241,1
0,256,unicode,3,2965565,1
0,256,exact,4,2948553,1
0,256,near,4,2929637,1
0,256,miss,4,3100398,1
0,256,unicode,4,3085751,1
0,256,exact,5,3081713,1
0,256,near,5,2927072,1
0,256,miss,5,2893790,1
0,256,unicode,5,2963641,1
0,256,exact,6,2925049,1
0,256,near,6,2928155,1
0,256,miss,6,2987136,1
0,256,unicode,6,2997585,1
0,256,exact,7,2953141,1
0,256,near,7,2909449,1
0,256,miss,7,2929027,1
0,256,unicode,7,2991584,1
0,256,exact,8,2940277,1
0,256,near,8,2920280,1
0,256,miss,8,2975784,1
0,256,unicode,8,3077265,1
0,256,exact,9,2911954,1
0,256,near,9,2990953,1
0,256,miss,9,4075441,1
0,256,unicode,9,3059361,1
0,256,exact,10,3048130,1
0,256,near,10,3016932,1
0,256,miss,10,3011952,1
0,256,unicode,10,3093455,1
0,256,exact,11,3031459,1
0,256,near,11,3002204,1
0,256,miss,11,3018064,1
0,256,unicode,11,3041457,1
0,256,exact,12,3022051,1
0,256,near,12,3008836,1
0,256,miss,12,2961026,1
0,256,unicode,12,2972588,1
0,256,exact,13,3061616,1
0,256,near,13,3098434,1
0,256,miss,13,2908238,1
0,256,unicode,13,2935468,1
0,256,exact,14,2948342,1
0,256,near,14,2915331,1
0,256,miss,14,2928996,1
0,256,unicode,14,2961678,1
0,256,exact,15,2956047,1
0,256,near,15,3008485,1
0,256,miss,15,2915090,1
0,256,unicode,15,2996252,1
0,256,exact,16,3001172,1
0,256,near,16,2926721,1
0,256,miss,16,2950937,1
0,256,unicode,16,2969492,1
0,256,exact,17,3012022,1
0,256,near,17,2921872,1
0,256,miss,17,2953903,1
0,256,unicode,17,3000871,1
0,256,exact,18,2926541,1
0,256,near,18,2954073,1
0,256,miss,18,2910061,1
0,256,unicode,18,3051817,1
0,256,exact,19,2939106,1
0,256,near,19,2928555,1
0,256,miss,19,2949074,1
0,256,unicode,19,2937793,1
0,256,exact,20,2957149,1
0,256,near,20,3139301,1
0,256,miss,20,3244689,1
0,256,unicode,20,3337804,1
0,256,exact,21,3298761,1
0,256,near,21,3252314,1
0,256,miss,21,3073829,1
0,256,unicode,21,2950647,1
0,256,exact,22,2991584,1
0,256,near,22,2944105,1
0,256,miss,22,2932302,1
0,256,unicode,22,2986023,1
0,256,exact,23,2923186,1
0,256,near,23,2955255,1
0,256,miss,23,2972337,1
0,256,unicode,23,2954424,1
0,256,exact,24,2943082,1
0,256,near,24,2921222,1
0,256,miss,24,2934156,1
0,256,unicode,24,2953852,1
0,256,exact,25,3195447,1
0,256,near,25,3148148,1
0,256,miss,25,2914750,1
0,256,unicode,25,2990441,1
0,256,exact,26,2983809,1
0,256,near,26,2985042,1
0,256,miss,26,3222178,1
0,256,unicode,26,2972197,1
0,256,exact,27,3020589,1
0,256,near,27,2943143,1
0,256,miss,27,2938885,1
0,256,unicode,27,5080130,1
0,256,exact,28,7041377,1
0,256,near,28,6527672,1
0,256,miss,28,6497164,1
0,256,unicode,28,4490561,1
0,256,exact,29,2985613,1
0,256,near,29,3537941,1
0,256,miss,29,2941850,1
0,256,unicode,29,3024716,1
0,256,exact,30,3058499,1
0,256,near,30,2954344,1
0,256,miss,30,2931611,1
0,256,unicode,30,3035235,1
0,256,exact,31,2960726,1
0,256,near,31,3014797,1
0,256,miss,31,2955305,1
0,256,unicode,31,2941570,1
0,256,exact,32,2948142,1
0,256,near,32,2960725,1
0,256,miss,32,2894832,1
0,256,unicode,32,2975263,1
0,256,exact,33,2912134,1
0,256,near,33,2976646,1
0,256,miss,33,3030777,1
0,256,unicode,33,2961588,1
0,256,exact,34,2944816,1
0,256,near,34,2904430,1
0,256,miss,34,2926401,1
0,256,unicode,34,3012052,1
0,256,exact,35,2932823,1
0,256,near,35,2933855,1
0,256,miss,35,2916383,1
0,256,unicode,35,2977687,1
0,256,exact,36,2911833,1
0,256,near,36,2941920,1
0,256,miss,36,2961437,1
0,256,unicode,36,2948934,1
0,256,exact,37,2956307,1
0,256,near,37,2902667,1
0,256,miss,37,2946088,1
0,256,unicode,37,2945608,1
0,256,exact,38,2932153,1
0,256,near,38,2970403,1
0,256,miss,38,2890194,1
0,256,unicode,38,2976335,1
0,256,exact,39,2962028,1
0,256,near,39,2903238,1
0,256,miss,39,3247675,1
0,256,unicode,39,2959383,1
0,256,exact,40,3223199,1
0,256,near,40,2915811,1
0,256,miss,40,2927564,1
0,256,unicode,40,3064231,1
0,256,exact,41,2902847,1
0,256,near,41,2922504,1
0,256,miss,41,2986364,1
0,256,unicode,41,2945968,1
0,256,exact,42,2915881,1
0,256,near,42,2905061,1
0,256,miss,42,2968570,1
0,256,unicode,42,2950366,1
0,256,exact,43,2912455,1
0,256,near,43,2946068,1
0,256,miss,43,2904300,1
0,256,unicode,43,2959854,1
0,256,exact,44,2899821,1
0,256,near,44,2949004,1
0,256,miss,44,2910010,1
0,256,unicode,44,2937662,1
0,256,exact,45,2946389,1
0,256,near,45,2916212,1
0,256,miss,45,2931821,1
0,256,unicode,45,2984360,1
0,256,exact,46,2907165,1
0,256,near,46,2926782,1
0,256,miss,46,2891856,1
0,256,unicode,46,5657184,1
0,256,exact,47,5771640,1
0,256,near,47,3034094,1
0,256,miss,47,3033963,1
0,256,unicode,47,3082725,1
0,256,exact,48,2974822,1
0,256,near,48,2930098,1
0,256,miss,48,2917825,1
0,256,unicode,48,3039163,1
0,256,exact,49,2964933,1
0,256,near,49,3012272,1
0,256,miss,49,3027522,1
0,256,unicode,49,2941429,1
0,256,serialize,0,481145,1
0,256,deserialize,0,1598736,1
0,256,insert,0,820472,1
0,256,update,0,765098,1
0,256,delete,0,763425,1
0,256,save,0,13283371,1
0,256,load,0,2471827,1
0,256,serialize,1,58911,1
0,256,deserialize,1,1810263,1
0,256,insert,1,865407,1
0,256,update,1,772913,1
0,256,delete,1,777391,1
0,256,save,1,11591540,1
0,256,load,1,1773824,1
0,256,serialize,2,65944,1
0,256,deserialize,2,1623512,1
0,256,insert,2,789574,1
0,256,update,2,762423,1
0,256,delete,2,775929,1
0,256,save,2,11618391,1
0,256,load,2,1762874,1
0,256,serialize,3,58039,1
0,256,deserialize,3,1556146,1
0,256,insert,3,763766,1
0,256,update,3,764056,1
0,256,delete,3,764727,1
0,256,save,3,10558709,1
0,256,load,3,1680309,1
0,256,serialize,4,55364,1
0,256,deserialize,4,1577265,1
0,256,insert,4,770298,1
0,256,update,4,763786,1
0,256,delete,4,763025,1
0,256,save,4,11344226,1
0,256,load,4,2036709,1
1,256,exact,0,2939746,1
1,256,near,0,2960706,1
1,256,miss,0,2903368,1
1,256,unicode,0,3010559,1
1,256,exact,1,2957460,1
1,256,near,1,2931060,1
1,256,miss,1,2941219,1
1,256,unicode,1,2966586,1
1,256,exact,2,2946649,1
1,256,near,2,2998026,1
1,256,miss,2,2914409,1
1,256,unicode,2,3042089,1
1,256,exact,3,3062106,1
1,256,near,3,3377108,1
1,256,miss,3,2916002,1
1,256,unicode,3,2976325,1
1,256,exact,4,2924498,1
1,256,near,4,2912786,1
1,256,miss,4,2927703,1
1,256,unicode,4,2959053,1
1,256,exact,5,2918897,1
1,256,near,5,2941870,1
1,256,miss,5,2917645,1
1,256,unicode,5,2977958,1
1,256,exact,6,2912826,1
1,256,near,6,2930689,1
1,256,miss,6,2911393,1
1,256,unicode,6,2939266,1
1,256,exact,7,2933245,1
1,256,near,7,2902877,1
1,256,miss,7,2919909,1
1,256,unicode,7,2954283,1
1,256,exact,8,2936400,1
1,256,near,8,2925139,1
1,256,miss,8,2901174,1
1,256,unicode,8,2973109,1
1,256,exact,9,2913076,1
1,256,near,9,2905302,1
1,256,miss,9,2913176,1
1,256,unicode,9,2957219,1
1,256,exact,10,2959534,1
1,256,near,10,2913066,1
1,256,miss,10,2928696,1
1,256,unicode,10,2974522,1
1,256,exact,11,2949494,1
1,256,near,11,2946720,1
1,256,miss,11,3073177,1
1,256,unicode,11,2986424,1
1,256,exact,12,2949364,1
1,256,near,12,2946960,1
1,256,miss,12,2917665,1
1,256,unicode,12,2971686,1
1,256,exact,13,2931060,1
1,256,near,13,3185227,1
1,256,miss,13,2913627,1
1,256,unicode,13,2993357,1
1,256,exact,14,2934396,1
1,256,near,14,2931861,1
1,256,miss,14,2937221,1
1,256,unicode,14,2972006,1
1,256,exact,15,2914008,1
1,256,near,15,2932233,1
1,256,miss,15,2929828,1
1,256,unicode,15,2962449,1
1,256,exact,16,2915822,1
1,256,near,16,2944054,1
1,256,miss,16,2906664,1
1,256,unicode,16,2954424,1
1,256,exact,17,2904510,1
1,256,near,17,2920751,1
1,256,miss,17,2906644,1
1,256,unicode,17,2948022,1
1,256,exact,18,2925268,1
1,256,near,18,2911724,1
1,256,miss,18,2919408,1
1,256,unicode,18,2935719,1
1,256,exact,19,2919779,1
1,256,near,19,2925429,1
1,256,miss,19,2890895,1
1,256,unicode,19,2970495,1
1,256,exact,20,2920941,1
1,256,near,20,2904290,1
1,256,miss,20,2892096,1
1,256,unicode,20,2956418,1
1,256,exact,21,2924929,1
1,256,near,21,2900402,1
1,256,miss,21,2909429,1
1,256,unicode,21,2996994,1
1,256,exact,22,2896715,1
1,256,near,22,2919488,1
1,256,miss,22,2891386,1
1,256,unicode,22,2962399,1
1,256,exact,23,2900042,1
1,256,near,23,2922654,1
1,256,miss,23,2915140,1
1,256,unicode,23,2945146,1
1,256,exact,24,2920049,1
1,256,near,24,2901916,1
1,256,miss,24,2916292,1
1,256,unicode,24,2942291,1
1,256,exact,25,2931430,1
1,256,near,25,2919057,1
1,256,miss,25,2895073,1
1,256,unicode,25,2960695,1
1,256,exact,26,2912936,1
1,256,near,26,2934156,1
1,256,miss,26,2906614,1
1,256,unicode,26,2956007,1
1,256,exact,27,2945046,1
1,256,near,27,2906694,1
1,256,miss,27,2915049,1
1,256,unicode,27,2956979,1
1,256,exact,28,2901073,1
1,256,near,28,2956588,1
1,256,miss,28,2902366,1
1,256,unicode,28,2985042,1
1,256,exact,29,2895513,1
1,256,near,29,2932893,1
1,256,miss,29,2921212,1
1,256,unicode,29,2952791,1
1,256,exact,30,2920119,1
1,256,near,30,2925991,1
1,256,miss,30,2892097,1
1,256,unicode,30,2952540,1
1,256,exact,31,2926952,1
1,256,near,31,2921151,1
1,256,miss,31,2893589,1
1,256,unicode,31,2975393,1
1,256,exact,32,2939816,1
1,256,near,32,3012243,1
1,256,miss,32,2912025,1
1,256,unicode,32,2953692,1
1,256,exact,33,3221396,1
1,256,near,33,3252184,1
1,256,miss,33,3262123,1
1,256,unicode,33,3054873,1
1,256,exact,34,2904390,1
1,256,near,34,2925549,1
1,256,miss,34,2913467,1
1,256,unicode,34,2957780,1
1,256,exact,35,2924668,1
1,256,near,35,2907305,1
1,256,miss,35,2916092,1
1,256,unicode,35,2955556,1
1,256,exact,36,2921121,1
1,256,near,36,2936540,1
1,256,miss,36,2892838,1
1,256,unicode,36,2978559,1
1,256,exact,37,2926942,1
1,256,near,37,2911924,1
1,256,miss,37,2908577,1
1,256,unicode,37,2976956,1
1,256,exact,38,2924056,1
1,256,near,38,2909118,1
1,256,miss,38,2920540,1
1,256,unicode,38,2975834,1
1,256,exact,39,2907556,1
1,256,near,39,2927793,1
1,256,miss,39,2897457,1
1,256,unicode,39,2982547,1
1,256,exact,40,2904580,1
1,256,near,40,2920891,1
1,256,miss,40,2910210,1
1,256,unicode,40,2970835,1
1,256,exact,41,2924738,1
1,256,near,41,2918938,1
1,256,miss,41,2894412,1
1,256,unicode,41,2970494,1
1,256,exact,42,2906935,1
1,256,near,42,2922714,1
1,256,miss,42,2895864,1
1,256,unicode,42,2974411,1
1,256,exact,43,2913307,1
1,256,near,43,2914439,1
1,256,miss,43,2918537,1
1,256,unicode,43,2957820,1
1,256,exact,44,2935799,1
1,256,near,44,2904430,1
1,256,miss,44,2919418,1
1,256,unicode,44,2977958,1
1,256,exact,45,2905512,1
1,256,near,45,2922775,1
1,256,miss,45,2903648,1
1,256,unicode,45,3287339,1
1,256,exact,46,3215013,1
1,256,near,46,2918477,1
1,256,miss,46,2912676,1
1,256,unicode,46,2959524,1
1,256,exact,47,2927454,1
1,256,near,47,2924808,1
1,256,miss,47,3109976,1
1,256,unicode,47,3306556,1
1,256,exact,48,3264657,1
1,256,near,48,3251993,1
1,256,miss,48,3135184,1
1,256,unicode,48,2977828,1
1,256,exact,49,2910421,1
1,256,near,49,2912485,1
1,256,miss,49,2913317,1
1,256,unicode,49,2977207,1
1,256,serialize,0,120897,1
1,256,deserialize,0,1696099,1
1,256,insert,0,771521,1
1,256,update,0,768955,1
1,256,delete,0,765359,1
1,256,save,0,12831441,1
1,256,load,0,1719522,1
1,256,serialize,1,113614,1
1,256,deserialize,1,1567577,1
1,256,insert,1,772692,1
1,256,update,1,768956,1
1,256,delete,1,767934,1
1,256,save,1,11690977,1
1,256,load,1,1872089,1
1,256,serialize,2,105197,1
1,256,deserialize,2,1575382,1
1,256,insert,2,772231,1
1,256,update,2,766010,1
1,256,delete,2,766261,1
1,256,save,2,11634311,1
1,256,load,2,2468531,1
1,256,serialize,3,97874,1
1,256,deserialize,3,1607983,1
1,256,insert,3,775748,1
1,256,update,3,762844,1
1,256,delete,3,763425,1
1,256,save,3,11514566,1
1,256,load,3,1658338,1
1,256,serialize,4,98776,1
1,256,deserialize,4,1557187,1
1,256,insert,4,769075,1
1,256,update,4,762394,1
1,256,delete,4,763355,1
1,256,save,4,11726043,1
1,256,load,4,1726124,1
1,64,exact,0,727137,1
1,64,near,0,724793,1
1,64,miss,0,725794,1
1,64,unicode,0,744099,1
1,64,exact,1,722368,1
1,64,near,1,751542,1
1,64,miss,1,818639,1
1,64,unicode,1,820763,1
1,64,exact,2,813569,1
1,64,near,2,808089,1
1,64,miss,2,818870,1
1,64,unicode,2,743358,1
1,64,exact,3,725003,1
1,64,near,3,722799,1
1,64,miss,3,722659,1
1,64,unicode,3,744058,1
1,64,exact,4,724672,1
1,64,near,4,722748,1
1,64,miss,4,752544,1
1,64,unicode,4,751683,1
1,64,exact,5,727368,1
1,64,near,5,721918,1
1,64,miss,5,724171,1
1,64,unicode,5,742585,1
1,64,exact,6,744159,1
1,64,near,6,725343,1
1,64,miss,6,724762,1
1,64,unicode,6,743748,1
1,64,exact,7,724241,1
1,64,near,7,725193,1
1,64,miss,7,722799,1
1,64,unicode,7,742445,1
1,64,exact,8,742165,1
1,64,near,8,725043,1
1,64,miss,8,724902,1
1,64,unicode,8,742607,1
1,64,exact,9,723641,1
1,64,near,9,743398,1
1,64,miss,9,732847,1
1,64,unicode,9,739511,1
1,64,exact,10,725874,1
1,64,near,10,729591,1
1,64,miss,10,723239,1
1,64,unicode,10,739810,1
1,64,exact,11,726676,1
1,64,near,11,725133,1
1,64,miss,11,744980,1
1,64,unicode,11,740362,1
1,64,exact,12,726646,1
1,64,near,12,725874,1
1,64,miss,12,721076,1
1,64,unicode,12,762133,1
1,64,exact,13,726075,1
1,64,near,13,726285,1
1,64,miss,13,725483,1
1,64,unicode,13,743507,1
1,64,exact,14,731335,1
1,64,near,14,724903,1
1,64,miss,14,720585,1
1,64,unicode,14,763425,1
1,64,exact,15,724853,1
1,64,near,15,724282,1
1,64,miss,15,724211,1
1,64,unicode,15,742436,1
1,64,exact,16,724542,1
1,64,near,16,745963,1
1,64,miss,16,720364,1
1,64,unicode,16,756632,1
1,64,exact,17,724452,1
1,64,near,17,723951,1
1,64,miss,17,725313,1
1,64,unicode,17,743337,1
1,64,exact,18,726245,1
1,64,near,18,742636,1
1,64,miss,18,725103,1
1,64,unicode,18,743738,1
1,64,exact,19,724402,1
1,64,near,19,722568,1
1,64,miss,19,740061,1
1,64,unicode,19,742516,1
1,64,exact,20,728660,1
1,64,near,20,722449,1
1,64,miss,20,723189,1
1,64,unicode,20,743958,1
1,64,exact,21,722038,1
1,64,near,21,725444,1
1,64,miss,21,724462,1
1,64,unicode,21,759838,1
1,64,exact,22,722277,1
1,64,near,22,725383,1
1,64,miss,22,723690,1
1,64,unicode,22,743888,1
1,64,exact,23,738639,1
1,64,near,23,726355,1
1,64,miss,23,725294,1
1,64,unicode,23,751022,1
1,64,exact,24,722408,1
1,64,near,24,727578,1
1,64,miss,24,725604,1
1,64,unicode,24,742045,1
1,64,exact,25,744219,1
1,64,near,25,725854,1
1,64,miss,25,723420,1
1,64,unicode,25,740392,1
1,64,exact,26,724832,1
1,64,near,26,724372,1
1,64,miss,26,740633,1
1,64,unicode,26,740241,1
1,64,exact,27,724873,1
1,64,near,27,725624,1
1,64,miss,27,720654,1
1,64,unicode,27,742116,1
1,64,exact,28,724492,1
1,64,near,28,724081,1
1,64,miss,28,739550,1
1,64,unicode,28,742306,1
1,64,exact,29,724582,1
1,64,near,29,724872,1
1,64,miss,29,720464,1
1,64,unicode,29,751713,1
1,64,exact,30,724232,1
1,64,near,30,725073,1
1,64,miss,30,720485,1
1,64,unicode,30,747044,1
1,64,exact,31,725414,1
1,64,near,31,723440,1
1,64,miss,31,724652,1
1,64,unicode,31,744099,1
1,64,exact,32,749138,1
1,64,near,32,723811,1
1,64,miss,32,724021,1
1,64,unicode,32,743938,1
1,64,exact,33,725654,1
1,64,near,33,734821,1
1,64,miss,33,722659,1
1,64,unicode,33,743107,1
1,64,exact,34,724102,1
1,64,near,34,722208,1
1,64,miss,34,725123,1
1,64,unicode,34,741644,1
1,64,exact,35,721346,1
1,64,near,35,746754,1
1,64,miss,35,722187,1
1,64,unicode,35,740903,1
1,64,exact,36,721506,1
1,64,near,36,723420,1
1,64,miss,36,722599,1
1,64,unicode,36,750882,1
1,64,exact,37,722147,1
1,64,near,37,725143,1
1,64,miss,37,723430,1
1,64,unicode,37,739791,1
1,64,exact,38,725023,1
1,64,near,38,724993,1
1,64,miss,38,727257,1
1,64,unicode,38,761531,1
1,64,exact,39,726135,1
1,64,near,39,724552,1
1,64,miss,39,722648,1
1,64,unicode,39,739590,1
1,64,exact,40,724572,1
1,64,near,40,733379,1
1,64,miss,40,729481,1
1,64,unicode,40,741124,1
1,64,exact,41,730082,1
1,64,near,41,724963,1
1,64,miss,41,721016,1
1,64,unicode,41,741744,1
1,64,exact,42,723240,1
1,64,near,42,749369,1
1,64,miss,42,719422,1
1,64,unicode,42,741414,1
1,64,exact,43,722899,1
1,64,near,43,723440,1
1,64,miss,43,763826,1
1,64,unicode,43,744259,1
1,64,exact,44,725344,1
1,64,near,44,724862,1
1,64,miss,44,719653,1
1,64,unicode,44,742025,1
1,64,exact,45,723951,1
1,64,near,45,736875,1
1,64,miss,45,745962,1
1,64,unicode,45,743267,1
1,64,exact,46,725674,1
1,64,near,46,721927,1
1,64,miss,46,723330,1
1,64,unicode,46,783253,1
1,64,exact,47,749209,1
1,64,near,47,723350,1
1,64,miss,47,724672,1
1,64,unicode,47,752715,1
1,64,exact,48,724892,1
1,64,near,48,721486,1
1,64,miss,48,725264,1
1,64,unicode,48,763535,1
1,64,exact,49,748718,1
1,64,near,49,722318,1
1,64,miss,49,724141,1
1,64,unicode,49,742125,1
1,64,serialize,0,25938,1
1,64,deserialize,0,401735,1
1,64,insert,0,197641,1
1,64,update,0,196990,1
1,64,delete,0,194616,1
1,64,save,0,11837523,1
1,64,load,0,426091,1
1,64,serialize,1,18405,1
1,64,deserialize,1,412956,1
1,64,insert,1,200747,1
1,64,update,1,210336,1
1,64,delete,1,204375,1
1,64,save,1,10338124,1
1,64,load,1,892548,1
1,64,serialize,2,24065,1
1,64,deserialize,2,388851,1
1,64,insert,2,198984,1
1,64,update,2,212089,1
1,64,delete,2,193774,1
1,64,save,2,10588555,1
1,64,load,2,1257905,1
1,64,serialize,3,27892,1
1,64,deserialize,3,399140,1
1,64,insert,3,213251,1
1,64,update,3,210846,1
1,64,delete,3,204454,1
1,64,save,3,10603242,1
1,64,load,3,1015519,1
1,64,serialize,4,37772,1
1,64,deserialize,4,400162,1
1,64,insert,4,208552,1
1,64,update,4,195728,1
1,64,delete,4,193734,1
1,64,save,4,10566013,1
1,64,load,4,1075712,1
1,8,exact,0,92975,1
1,8,near,0,91732,1
1,8,miss,0,92163,1
1,8,unicode,0,94758,1
1,8,exact,1,92194,1
1,8,near,1,91652,1
1,8,miss,1,95530,1
1,8,unicode,1,93476,1
1,8,exact,2,91822,1
1,8,near,2,91552,1
1,8,miss,2,91692,1
1,8,unicode,2,93356,1
1,8,exact,3,91853,1
1,8,near,3,91582,1
1,8,miss,3,91682,1
1,8,unicode,3,93195,1
1,8,exact,4,91733,1
1,8,near,4,94147,1
1,8,miss,4,91622,1
1,8,unicode,4,93195,1
1,8,exact,5,91772,1
1,8,near,5,91552,1
1,8,miss,5,91722,1
1,8,unicode,5,93286,1
1,8,exact,6,91702,1
1,8,near,6,91562,1
1,8,miss,6,91612,1
1,8,unicode,6,96952,1
1,8,exact,7,91843,1
1,8,near,7,91522,1
1,8,miss,7,91743,1
1,8,unicode,7,93245,1
1,8,exact,8,91713,1
1,8,near,8,91522,1
1,8,miss,8,91642,1
1,8,unicode,8,93255,1
1,8,exact,9,91692,1
1,8,near,9,91603,1
1,8,miss,9,94828,1
1,8,unicode,9,93255,1
1,8,exact,10,91733,1
1,8,near,10,91613,1
1,8,miss,10,91832,1
1,8,unicode,10,93346,1
1,8,exact,11,91802,1
1,8,near,11,91583,1
1,8,miss,11,91722,1
1,8,unicode,11,93325,1
1,8,exact,12,91672,1
1,8,near,12,95390,1
1,8,miss,12,91702,1
1,8,unicode,12,93206,1
1,8,exact,13,91783,1
1,8,near,13,91562,1
1,8,miss,13,91662,1
1,8,unicode,13,93326,1
1,8,exact,14,91702,1
1,8,near,14,91592,1
1,8,miss,14,91873,1
1,8,unicode,14,93897,1
1,8,exact,15,94408,1
1,8,near,15,91432,1
1,8,miss,15,91562,1
1,8,unicode,15,93165,1
1,8,exact,16,91643,1
1,8,near,16,91462,1
1,8,miss,16,104667,1
1,8,unicode,16,113233,1
1,8,exact,17,91842,1
1,8,near,17,91141,1
1,8,miss,17,97543,1
1,8,unicode,17,92835,1
1,8,exact,18,91122,1
1,8,near,18,90841,1
1,8,miss,18,90941,1
1,8,unicode,18,92574,1
1,8,exact,19,90961,1
1,8,near,19,90841,1
1,8,miss,19,90901,1
1,8,unicode,19,92574,1
1,8,exact,20,91041,1
1,8,near,20,94217,1
1,8,miss,20,90910,1
1,8,unicode,20,92443,1
1,8,exact,21,91051,1
1,8,near,21,90911,1
1,8,miss,21,91011,1
1,8,unicode,21,92664,1
1,8,exact,22,90971,1
1,8,near,22,90931,1
1,8,miss,22,90931,1
1,8,unicode,22,93276,1
1,8,exact,23,93956,1
1,8,near,23,90841,1
1,8,miss,23,90991,1
1,8,unicode,23,92484,1
1,8,exact,24,91092,1
1,8,near,24,90901,1
1,8,miss,24,91061,1
1,8,unicode,24,92614,1
1,8,exact,25,90971,1
1,8,near,25,90921,1
1,8,miss,25,93215,1
1,8,unicode,25,92674,1
1,8,exact,26,91142,1
1,8,near,26,90891,1
1,8,miss,26,91001,1
1,8,unicode,26,92664,1
1,8,exact,27,90921,1
1,8,near,27,91021,1
1,8,miss,27,91041,1
1,8,unicode,27,92595,1
1,8,exact,28,91001,1
1,8,near,28,94568,1
1,8,miss,28,90961,1
1,8,unicode,28,92534,1
1,8,exact,29,91162,1
1,8,near,29,90901,1
1,8,miss,29,91021,1
1,8,unicode,29,92694,1
1,8,exact,30,91041,1
1,8,near,30,90910,1
1,8,miss,30,91012,1
1,8,unicode,30,92864,1
1,8,exact,31,93686,1
1,8,near,31,90901,1
1,8,miss,31,90911,1
1,8,unicode,31,92654,1
1,8,exact,32,91061,1
1,8,near,32,90941,1
1,8,miss,32,91001,1
1,8,unicode,32,92734,1
1,8,exact,33,92143,1
1,8,near,33,90991,1
1,8,miss,33,91031,1
1,8,unicode,33,96622,1
1,8,exact,34,91341,1
1,8,near,34,91161,1
1,8,miss,34,90941,1
1,8,unicode,34,92554,1
1,8,exact,35,91041,1
1,8,near,35,90841,1
1,8,miss,35,90921,1
1,8,unicode,35,92604,1
1,8,exact,36,91031,1
1,8,near,36,90841,1
1,8,miss,36,93666,1
1,8,unicode,36,92634,1
1,8,exact,37,91131,1
1,8,near,37,90991,1
1,8,miss,37,90931,1
1,8,unicode,37,92564,1
1,8,exact,38,91121,1
1,8,near,38,90890,1
1,8,miss,38,90961,1
1,8,unicode,38,92645,1
1,8,exact,39,91612,1
1,8,near,39,94087,1
1,8,miss,39,90991,1
1,8,unicode,39,92634,1
1,8,exact,40,92665,1
1,8,near,40,90911,1
1,8,miss,40,90941,1
1,8,unicode,40,92533,1
1,8,exact,41,90971,1
1,8,near,41,90901,1
1,8,miss,41,90921,1
1,8,unicode,41,96511,1
1,8,exact,42,91261,1
1,8,near,42,90921,1
1,8,miss,42,90951,1
1,8,unicode,42,92564,1
1,8,exact,43,90991,1
1,8,near,43,102343,1
1,8,miss,43,102112,1
1,8,unicode,43,95459,1
1,8,exact,44,93015,1
1,8,near,44,92614,1
1,8,miss,44,111780,1
1,8,unicode,44,94338,1
1,8,exact,45,92725,1
1,8,near,45,92544,1
1,8,miss,45,92554,1
1,8,unicode,45,94247,1
1,8,exact,46,92714,1
1,8,near,46,92504,1
1,8,miss,46,92634,1
1,8,unicode,46,94188,1
1,8,exact,47,98795,1
1,8,near,47,92514,1
1,8,miss,47,95029,1
1,8,unicode,47,94197,1
1,8,exact,48,92594,1
1,8,near,48,92473,1
1,8,miss,48,92494,1
1,8,unicode,48,94117,1
1,8,exact,49,92875,1
1,8,near,49,92484,1
1,8,miss,49,92494,1
1,8,unicode,49,99527,1
1,8,serialize,0,4769,1
1,8,deserialize,0,51127,1
1,8,insert,0,24766,1
1,8,update,0,21821,1
1,8,delete,0,21731,1
1,8,save,0,10385313,1
1,8,load,0,186511,1
1,8,serialize,1,6342,1
1,8,deserialize,1,145774,1
1,8,insert,1,25518,1
1,8,update,1,27642,1
1,8,delete,1,21761,1
1,8,save,1,10367269,1
1,8,load,1,185820,1
1,8,serialize,2,8456,1
1,8,deserialize,2,146866,1
1,8,insert,2,74480,1
1,8,update,2,64872,1
1,8,delete,2,27181,1
1,8,save,2,10212598,1
1,8,load,2,190919,1
1,8,serialize,3,7674,1
1,8,deserialize,3,146886,1
1,8,insert,3,74450,1
1,8,update,3,64932,1
1,8,delete,3,64641,1
1,8,save,3,10416652,1
1,8,load,3,184597,1
1,8,serialize,4,7724,1
1,8,deserialize,4,146736,1
1,8,insert,4,74270,1
1,8,update,4,64871,1
1,8,delete,4,64772,1
1,8,save,4,10331763,1
1,8,load,4,181060,1
2,8,exact,0,133561,1
2,8,near,0,91001,1
2,8,miss,0,91372,1
2,8,unicode,0,95068,1
2,8,exact,1,91602,1
2,8,near,1,90820,1
2,8,miss,1,90891,1
2,8,unicode,1,93626,1
2,8,exact,2,91802,1
2,8,near,2,128150,1
2,8,miss,2,91322,1
2,8,unicode,2,100409,1
2,8,exact,3,129353,1
2,8,near,3,90661,1
2,8,miss,3,90801,1
2,8,unicode,3,92343,1
2,8,exact,4,91021,1
2,8,near,4,90621,1
2,8,miss,4,90540,1
2,8,unicode,4,100329,1
2,8,exact,5,90851,1
2,8,near,5,90560,1
2,8,miss,5,90530,1
2,8,unicode,5,107973,1
2,8,exact,6,92534,1
2,8,near,6,90971,1
2,8,miss,6,108784,1
2,8,unicode,6,94187,1
2,8,exact,7,92353,1
2,8,near,7,97894,1
2,8,miss,7,91041,1
2,8,unicode,7,93175,1
2,8,exact,8,91322,1
2,8,near,8,90841,1
2,8,miss,8,90981,1
2,8,unicode,8,93175,1
2,8,exact,9,91732,1
2,8,near,9,90941,1
2,8,miss,9,90931,1
2,8,unicode,9,93095,1
2,8,exact,10,95860,1
2,8,near,10,91011,1
2,8,miss,10,90981,1
2,8,unicode,10,93145,1
2,8,exact,11,91241,1
2,8,near,11,91041,1
2,8,miss,11,91432,1
2,8,unicode,11,93236,1
2,8,exact,12,91422,1
2,8,near,12,91001,1
2,8,miss,12,96451,1
2,8,unicode,12,93155,1
2,8,exact,13,91042,1
2,8,near,13,91051,1
2,8,miss,13,90821,1
2,8,unicode,13,92954,1
2,8,exact,14,91321,1
2,8,near,14,90851,1
2,8,miss,14,90931,1
2,8,unicode,14,93165,1
2,8,exact,15,91722,1
2,8,near,15,94187,1
2,8,miss,15,91121,1
2,8,unicode,15,93075,1
2,8,exact,16,91172,1
2,8,near,16,90971,1
2,8,miss,16,91041,1
2,8,unicode,16,93065,1
2,8,exact,17,91542,1
2,8,near,17,91011,1
2,8,miss,17,90921,1
2,8,unicode,17,93165,1
2,8,exact,18,93677,1
2,8,near,18,91051,1
2,8,miss,18,90971,1
2,8,unicode,18,92975,1
2,8,exact,19,91251,1
2,8,near,19,90930,1
2,8,miss,19,90950,1
2,8,unicode,19,93155,1
2,8,exact,20,91412,1
2,8,near,20,90951,1
2,8,miss,20,91041,1
2,8,unicode,20,99267,1
2,8,exact,21,91142,1
2,8,near,21,90941,1
2,8,miss,21,90951,1
2,8,unicode,21,93265,1
2,8,exact,22,91272,1
2,8,near,22,91011,1
2,8,miss,22,90921,1
2,8,unicode,22,93235,1
2,8,exact,23,91362,1
2,8,near,23,90961,1
2,8,miss,23,93276,1
2,8,unicode,23,93145,1
2,8,exact,24,91693,1
2,8,near,24,90860,1
2,8,miss,24,90920,1
2,8,unicode,24,93126,1
2,8,exact,25,91372,1
2,8,near,25,90931,1
2,8,miss,25,90941,1
2,8,unicode,25,93145,1
2,8,exact,26,95359,1
2,8,near,26,91091,1
2,8,miss,26,90961,1
2,8,unicode,26,92925,1
2,8,exact,27,91392,1
2,8,near,27,90881,1
2,8,miss,27,90981,1
2,8,unicode,27,93095,1
2,8,exact,28,91362,1
2,8,near,28,90871,1
2,8,miss,28,90860,1
2,8,unicode,28,95510,1
2,8,exact,29,91082,1
2,8,near,29,90921,1
2,8,miss,29,90950,1
2,8,unicode,29,93064,1
2,8,exact,30,91271,1
2,8,near,30,90911,1
2,8,miss,30,90901,1
2,8,unicode,30,93085,1
2,8,exact,31,91482,1
2,8,near,31,90941,1
2,8,miss,31,94879,1
2,8,unicode,31,93105,1
2,8,exact,32,91142,1
2,8,near,32,91041,1
2,8,miss,32,90981,1
2,8,unicode,32,93225,1
2,8,exact,33,105448,1
2,8,near,33,108805,1
2,8,miss,33,93025,1
2,8,unicode,33,93055,1
2,8,exact,34,96081,1
2,8,near,34,90620,1
2,8,miss,34,90781,1
2,8,unicode,34,92163,1
2,8,exact,35,91051,1
2,8,near,35,90510,1
2,8,miss,35,90380,1
2,8,unicode,35,92163,1
2,8,exact,36,90560,1
2,8,near,36,90430,1
2,8,miss,36,90470,1
2,8,unicode,36,95830,1
2,8,exact,37,90570,1
2,8,near,37,90520,1
2,8,miss,37,90410,1
2,8,unicode,37,92003,1
2,8,exact,38,90600,1
2,8,near,38,90520,1
2,8,miss,38,90551,1
2,8,unicode,38,92143,1
2,8,exact,39,91172,1
2,8,near,39,90460,1
2,8,miss,39,93716,1
2,8,unicode,39,92063,1
2,8,exact,40,90700,1
2,8,near,40,90550,1
2,8,miss,40,90470,1
2,8,unicode,40,92724,1
2,8,exact,41,90630,1
2,8,near,41,90429,1
2,8,miss,41,91081,1
2,8,unicode,41,91993,1
2,8,exact,42,90550,1
2,8,near,42,94057,1
2,8,miss,42,90621,1
2,8,unicode,42,92153,1
2,8,exact,43,91252,1
2,8,near,43,90590,1
2,8,miss,43,90751,1
2,8,unicode,43,92173,1
2,8,exact,44,90601,1
2,8,near,44,90540,1
2,8,miss,44,90650,1
2,8,unicode,44,92104,1
2,8,exact,45,94958,1
2,8,near,45,90570,1
2,8,miss,45,90530,1
2,8,unicode,45,92214,1
2,8,exact,46,90690,1
2,8,near,46,90571,1
2,8,miss,46,90560,1
2,8,unicode,46,92223,1
2,8,exact,47,90700,1
2,8,near,47,90460,1
2,8,miss,47,90580,1
2,8,unicode,47,97394,1
2,8,exact,48,90651,1
2,8,near,48,90560,1
2,8,miss,48,91161,1
2,8,unicode,48,92063,1
2,8,exact,49,90550,1
2,8,near,49,90551,1
2,8,miss,49,90610,1
2,8,unicode,49,92144,1
2,8,serialize,0,3346,1
2,8,deserialize,0,50585,1
2,8,insert,0,25027,1
2,8,update,0,21600,1
2,8,delete,0,21560,1
2,8,save,0,10309811,1
2,8,load,0,182944,1
2,8,serialize,1,7003,1
2,8,deserialize,1,146986,1
2,8,insert,1,74230,1
2,8,update,1,64902,1
2,8,delete,1,64661,1
2,8,save,1,10208781,1
2,8,load,1,181301,1
2,8,serialize,2,8245,1
2,8,deserialize,2,147407,1
2,8,insert,2,74520,1
2,8,update,2,64952,1
2,8,delete,2,64752,1
2,8,save,2,10353162,1
2,8,load,2,185549,1
2,8,serialize,3,8596,1
2,8,deserialize,3,147327,1
2,8,insert,3,74450,1
2,8,update,3,64882,1
2,8,delete,3,64661,1
2,8,save,3,10345999,1
2,8,load,3,197602,1
2,8,serialize,4,11381,1
2,8,deserialize,4,146976,1
2,8,insert,4,74520,1
2,8,update,4,64761,1
2,8,delete,4,64621,1
2,8,save,4,10482275,1
2,8,load,4,63520,1
2,64,exact,0,732678,1
2,64,near,0,722207,1
2,64,miss,0,880315,1
2,64,unicode,0,941700,1
2,64,exact,1,732266,1
2,64,near,1,729872,1
2,64,miss,1,726897,1
2,64,unicode,1,742195,1
2,64,exact,2,731966,1
2,64,near,2,732927,1
2,64,miss,2,726666,1
2,64,unicode,2,740432,1
2,64,exact,3,734320,1
2,64,near,3,732487,1
2,64,miss,3,725824,1
2,64,unicode,3,843034,1
2,64,exact,4,735363,1
2,64,near,4,730874,1
2,64,miss,4,725864,1
2,64,unicode,4,741564,1
2,64,exact,5,732537,1
2,64,near,5,731785,1
2,64,miss,5,725885,1
2,64,unicode,5,742476,1
2,64,exact,6,730252,1
2,64,near,6,730984,1
2,64,miss,6,727036,1
2,64,unicode,6,741043,1
2,64,exact,7,731876,1
2,64,near,7,807949,1
2,64,miss,7,725895,1
2,64,unicode,7,743197,1
2,64,exact,8,731685,1
2,64,near,8,729601,1
2,64,miss,8,729170,1
2,64,unicode,8,740883,1
2,64,exact,9,736054,1
2,64,near,9,727117,1
2,64,miss,9,730433,1
2,64,unicode,9,740702,1
2,64,exact,10,744940,1
2,64,near,10,729632,1
2,64,miss,10,797970,1
2,64,unicode,10,743779,1
2,64,exact,11,733058,1
2,64,near,11,727648,1
2,64,miss,11,728459,1
2,64,unicode,11,747906,1
2,64,exact,12,775618,1
2,64,near,12,735182,1
2,64,miss,12,737146,1
2,64,unicode,12,747856,1
2,64,exact,13,739580,1
2,64,near,13,735854,1
2,64,miss,13,736525,1
2,64,unicode,13,764437,1
2,64,exact,14,920721,1
2,64,near,14,723611,1
2,64,miss,14,724703,1
2,64,unicode,14,735002,1
2,64,exact,15,733209,1
2,64,near,15,721967,1
2,64,miss,15,723310,1
2,64,unicode,15,734120,1
2,64,exact,16,724051,1
2,64,near,16,722037,1
2,64,miss,16,723570,1
2,64,unicode,16,734561,1
2,64,exact,17,722028,1
2,64,near,17,811375,1
2,64,miss,17,740963,1
2,64,unicode,17,816976,1
2,64,exact,18,807909,1
2,64,near,18,805234,1
2,64,miss,18,806185,1
2,64,unicode,18,817767,1
2,64,exact,19,808670,1
2,64,near,19,808700,1
2,64,miss,19,807047,1
2,64,unicode,19,814430,1
2,64,exact,20,809191,1
2,64,near,20,815793,1
2,64,miss,20,722458,1
2,64,unicode,20,730493,1
2,64,exact,21,725043,1
2,64,near,21,725063,1
2,64,miss,21,767693,1
2,64,unicode,21,731245,1
2,64,exact,22,727477,1
2,64,near,22,727538,1
2,64,miss,22,725264,1
2,64,unicode,22,730573,1
2,64,exact,23,727337,1
2,64,near,23,729432,1
2,64,miss,23,720725,1
2,64,unicode,23,756332,1
2,64,exact,24,737586,1
2,64,near,24,739710,1
2,64,miss,24,726325,1
2,64,unicode,24,741284,1
2,64,exact,25,731935,1
2,64,near,25,732357,1
2,64,miss,25,726265,1
2,64,unicode,25,741614,1
2,64,exact,26,732016,1
2,64,near,26,732637,1
2,64,miss,26,726105,1
2,64,unicode,26,755120,1
2,64,exact,27,731535,1
2,64,near,27,747906,1
2,64,miss,27,729532,1
2,64,unicode,27,741093,1
2,64,exact,28,738989,1
2,64,near,28,730263,1
2,64,miss,28,726145,1
2,64,unicode,28,742757,1
2,64,exact,29,730323,1
2,64,near,29,727898,1
2,64,miss,29,730403,1
2,64,unicode,29,740612,1
2,64,exact,30,731725,1
2,64,near,30,728219,1
2,64,miss,30,742977,1
2,64,unicode,30,741444,1
2,64,exact,31,730323,1
2,64,near,31,728309,1
2,64,miss,31,728249,1
2,64,unicode,31,740743,1
2,64,exact,32,730944,1
2,64,near,32,729812,1
2,64,miss,32,729011,1
2,64,unicode,32,743518,1
2,64,exact,33,728389,1
2,64,near,33,732166,1
2,64,miss,33,731465,1
2,64,unicode,33,740592,1
2,64,exact,34,732557,1
2,64,near,34,731325,1
2,64,miss,34,729552,1
2,64,unicode,34,741644,1
2,64,exact,35,728178,1
2,64,near,35,732567,1
2,64,miss,35,730142,1
2,64,unicode,35,741955,1
2,64,exact,36,728229,1
2,64,near,36,732647,1
2,64,miss,36,729651,1
2,64,unicode,36,738629,1
2,64,exact,37,730493,1
2,64,near,37,732447,1
2,64,miss,37,738828,1
2,64,unicode,37,737727,1
2,64,exact,38,731135,1
2,64,near,38,730944,1
2,64,miss,38,729972,1
2,64,unicode,38,737947,1
2,64,exact,39,730824,1
2,64,near,39,731234,1
2,64,miss,39,729331,1
2,64,unicode,39,737847,1
2,64,exact,40,731595,1
2,64,near,40,731666,1
2,64,miss,40,726005,1
2,64,unicode,40,747656,1
2,64,exact,41,730223,1
2,64,near,41,731385,1
2,64,miss,41,729912,1
2,64,unicode,41,740112,1
2,64,exact,42,730033,1
2,64,near,42,731485,1
2,64,miss,42,725714,1
2,64,unicode,42,744148,1
2,64,exact,43,730664,1
2,64,near,43,730954,1
2,64,miss,43,726265,1
2,64,unicode,43,740562,1
2,64,exact,44,731946,1
2,64,near,44,733549,1
2,64,miss,44,729111,1
2,64,unicode,44,739731,1
2,64,exact,45,730884,1
2,64,near,45,728208,1
2,64,miss,45,729621,1
2,64,unicode,45,740822,1
2,64,exact,46,732196,1
2,64,near,46,728469,1
2,64,miss,46,729041,1
2,64,unicode,46,741163,1
2,64,exact,47,731586,1
2,64,near,47,728439,1
2,64,miss,47,729431,1
2,64,unicode,47,744220,1
2,64,exact,48,730103,1
2,64,near,48,727959,1
2,64,miss,48,729371,1
2,64,unicode,48,739690,1
2,64,exact,49,727989,1
2,64,near,49,731645,1
2,64,miss,49,730222,1
2,64,unicode,49,739911,1
2,64,serialize,0,61415,1
2,64,deserialize,0,416103,1
2,64,insert,0,198604,1
2,64,update,0,199145,1
2,64,delete,0,194766,1
2,64,save,0,12352110,1
2,64,load,0,686490,1
2,64,serialize,1,32681,1
2,64,deserialize,1,398570,1
2,64,insert,1,217459,1
2,64,update,1,210345,1
2,64,delete,1,203593,1
2,64,save,1,10599596,1
2,64,load,1,851691,1
2,64,serialize,2,29295,1
2,64,deserialize,2,399261,1
2,64,insert,2,214143,1
2,64,update,2,204003,1
2,64,delete,2,193965,1
2,64,save,2,10737415,1
2,64,load,2,931030,1
2,64,serialize,3,26259,1
2,64,deserialize,3,399611,1
2,64,insert,3,212469,1
2,64,update,3,206528,1
2,64,delete,3,193894,1
2,64,save,3,10558448,1
2,64,load,3,1083507,1
2,64,serialize,4,41758,1
2,64,deserialize,4,401164,1
2,64,insert,4,209734,1
2,64,update,4,198443,1
2,64,delete,4,193303,1
2,64,save,4,10410350,1
2,64,load,4,502274,1
2,256,exact,0,3083957,1
2,256,near,0,2952280,1
2,256,miss,0,2918627,1
2,256,unicode,0,2965835,1
2,256,exact,1,2940037,1
2,256,near,1,2941029,1
2,256,miss,1,2925339,1
2,256,unicode,1,2952771,1
2,256,exact,2,2899280,1
2,256,near,2,2908027,1
2,256,miss,2,2893800,1
2,256,unicode,2,2951939,1
2,256,exact,3,2903668,1
2,256,near,3,2908648,1
2,256,miss,3,2906023,1
2,256,unicode,3,2947220,1
2,256,exact,4,2925880,1
2,256,near,4,2914889,1
2,256,miss,4,2927844,1
2,256,unicode,4,2955536,1
2,256,exact,5,2910622,1
2,256,near,5,2921973,1
2,256,miss,5,2909710,1
2,256,unicode,5,2954284,1
2,256,exact,6,2931501,1
2,256,near,6,2930058,1
2,256,miss,6,2897016,1
2,256,unicode,6,2956127,1
2,256,exact,7,2919198,1
2,256,near,7,2911753,1
2,256,miss,7,2906654,1
2,256,unicode,7,2961527,1
2,256,exact,8,2901104,1
2,256,near,8,2903408,1
2,256,miss,8,2898820,1
2,256,unicode,8,2950036,1
2,256,exact,9,2897286,1
2,256,near,9,2905742,1
2,256,miss,9,2910241,1
2,256,unicode,9,2939526,1
2,256,exact,10,2905632,1
2,256,near,10,2902857,1
2,256,miss,10,2903248,1
2,256,unicode,10,2940487,1
2,256,exact,11,2902907,1
2,256,near,11,2916082,1
2,256,miss,11,2894180,1
2,256,unicode,11,2939235,1
2,256,exact,12,2913728,1
2,256,near,12,2903759,1
2,256,miss,12,2961166,1
2,256,unicode,12,2939105,1
2,256,exact,13,2913828,1
2,256,near,13,2902325,1
2,256,miss,13,2890354,1
2,256,unicode,13,2950306,1
2,256,exact,14,2895834,1
2,256,near,14,2904250,1
2,256,miss,14,2893639,1
2,256,unicode,14,2951228,1
2,256,exact,15,2899100,1
2,256,near,15,2905522,1
2,256,miss,15,2906624,1
2,256,unicode,15,2938784,1
2,256,exact,16,2905752,1
2,256,near,16,2903137,1
2,256,miss,16,3205425,1
2,256,unicode,16,3302588,1
2,256,exact,17,3259518,1
2,256,near,17,3275658,1
2,256,miss,17,3259006,1
2,256,unicode,17,3303540,1
2,256,exact,18,3279936,1
2,256,near,18,3262192,1
2,256,miss,18,3255580,1
2,256,unicode,18,3313238,1
2,256,exact,19,3257994,1
2,256,near,19,3273023,1
2,256,miss,19,3293081,1
2,256,unicode,19,3308680,1
2,256,exact,20,3261512,1
2,256,near,20,3278764,1
2,256,miss,20,3254718,1
2,256,unicode,20,3309822,1
2,256,exact,21,3281048,1
2,256,near,21,3258185,1
2,256,miss,21,3251021,1
2,256,unicode,21,3313198,1
2,256,exact,22,3255119,1
2,256,near,22,3257223,1
2,256,miss,22,3261562,1
2,256,unicode,22,3301236,1
2,256,exact,23,3254899,1
2,256,near,23,3275217,1
2,256,miss,23,3251723,1
2,256,unicode,23,3295715,1
2,256,exact,24,3268094,1
2,256,near,24,3255470,1
2,256,miss,24,3251803,1
2,256,unicode,24,3307147,1
2,256,exact,25,3257153,1
2,256,near,25,3257474,1
2,256,miss,25,3268975,1
2,256,unicode,25,3294893,1
2,256,exact,26,3267052,1
2,256,near,26,3254648,1
2,256,miss,26,3271740,1
2,256,unicode,26,3297489,1
2,256,exact,27,3235572,1
2,256,near,27,3115487,1
2,256,miss,27,3259437,1
2,256,unicode,27,3298210,1
2,256,exact,28,3288973,1
2,256,near,28,3049032,1
2,256,miss,28,2895813,1
2,256,unicode,28,2951498,1
2,256,exact,29,2896385,1
2,256,near,29,2902987,1
2,256,miss,29,2912305,1
2,256,unicode,29,2940328,1
2,256,exact,30,2901925,1
2,256,near,30,2903238,1
2,256,miss,30,2902967,1
2,256,unicode,30,2936540,1
2,256,exact,31,2907155,1
2,256,near,31,2914068,1
2,256,miss,31,2893830,1
2,256,unicode,31,2939095,1
2,256,exact,32,2904110,1
2,256,near,32,2929417,1
2,256,miss,32,2894832,1
2,256,unicode,32,2936911,1
2,256,exact,33,2913347,1
2,256,near,33,2903137,1
2,256,miss,33,3163737,1
2,256,unicode,33,3283913,1
2,256,exact,34,3268885,1
2,256,near,34,3237515,1
2,256,miss,34,3221075,1
2,256,unicode,34,2942782,1
2,256,exact,35,2915591,1
2,256,near,35,2909350,1
2,256,miss,35,3219012,1
2,256,unicode,35,3288552,1
2,256,exact,36,3235292,1
2,256,near,36,3007503,1
2,256,miss,36,2913066,1
2,256,unicode,36,2937702,1
2,256,exact,37,3053881,1
2,256,near,37,3238288,1
2,256,miss,37,3246032,1
2,256,unicode,37,3205716,1
2,256,exact,38,2906234,1
2,256,near,38,2918827,1
2,256,miss,38,2894111,1
2,256,unicode,38,2973480,1
2,256,exact,39,3188203,1
2,256,near,39,3245912,1
2,256,miss,39,3274776,1
2,256,unicode,39,3292981,1
2,256,exact,40,3235222,1
2,256,near,40,3281027,1
2,256,miss,40,3242956,1
2,256,unicode,40,3294653,1
2,256,exact,41,3290365,1
2,256,near,41,3262323,1
2,256,miss,41,3248507,1
2,256,unicode,41,3153789,1
2,256,exact,42,2898349,1
2,256,near,42,2913617,1
2,256,miss,42,3203031,1
2,256,unicode,42,3281969,1
2,256,exact,43,3260469,1
2,256,near,43,3303189,1
2,256,miss,43,3251322,1
2,256,unicode,43,3324679,1
2,256,exact,44,3264567,1
2,256,near,44,3130034,1
2,256,miss,44,2910101,1
2,256,unicode,44,2975324,1
2,256,exact,45,2903187,1
2,256,near,45,2914669,1
2,256,miss,45,2965354,1
2,256,unicode,45,3011171,1
2,256,exact,46,2904640,1
2,256,near,46,2915461,1
2,256,miss,46,3170420,1
2,256,unicode,46,3301386,1
2,256,exact,47,3232406,1
2,256,near,47,2905813,1
2,256,miss,47,2892468,1
2,256,unicode,47,2987426,1
2,256,exact,48,2899460,1
2,256,near,48,3162505,1
2,256,miss,48,3230402,1
2,256,unicode,48,3215745,1
2,256,exact,49,3542489,1
2,256,near,49,6784904,1
2,256,miss,49,6892647,1
2,256,unicode,49,6432752,1
2,256,serialize,0,73669,1
2,256,deserialize,0,1593586,1
2,256,insert,0,766201,1
2,256,update,0,763245,1
2,256,delete,0,785587,1
2,256,save,0,11519685,1
2,256,load,0,1716887,1
2,256,serialize,1,61255,1
2,256,deserialize,1,1568639,1
2,256,insert,1,765750,1
2,256,update,1,763756,1
2,256,delete,1,762213,1
2,256,save,1,11290625,1
2,256,load,1,1709885,1
2,256,serialize,2,63820,1
2,256,deserialize,2,1586272,1
2,256,insert,2,772212,1
2,256,update,2,763285,1
2,256,delete,2,768836,1
2,256,save,2,11328586,1
2,256,load,2,1701018,1
2,256,serialize,3,67667,1
2,256,deserialize,3,1582916,1
2,256,insert,3,787791,1
2,256,update,3,781799,1
2,256,delete,3,766942,1
2,256,save,3,11467527,1
2,256,load,3,1712589,1
2,256,serialize,4,62347,1
2,256,deserialize,4,1562267,1
2,256,insert,4,769757,1
2,256,update,4,760590,1
2,256,delete,4,760439,1
2,256,save,4,11315531,1
2,256,load,4,1677844,1
